{
  "store": "New York Hardware, Inc",
  "generated_at": "2026-07-22 20:05",
  "last7_range": "Jul 15 \u2013 Jul 21, 2026",
  "periods": {
    "last7": {
      "gross_sales": 176574.3,
      "net_sales": 154330.69,
      "spend": 33031.647047,
      "roas": 5.345609916113366,
      "roi": 4.672206922664386
    },
    "last7_yoy": {
      "gross_sales": 128357.72,
      "net_sales": 114997.82,
      "spend": 21424.082637,
      "roas": 5.991281968746824,
      "roi": 5.367689340471246
    },
    "mtd": {
      "gross_sales": 556338.23,
      "net_sales": 492651.44,
      "spend": 94280.756695,
      "roas": 5.900867255443913,
      "roi": 5.2253657826881525
    },
    "mtd_yoy": {
      "gross_sales": 374806.73,
      "net_sales": 334275.75,
      "spend": 65815.984831,
      "roas": 5.694767478788257,
      "roi": 5.078944740526814
    }
  },
  "yoy_deltas": {
    "last7_roas_pct": -10.776859710518863,
    "last7_roi_pct": -12.95683065268084,
    "mtd_roas_pct": 3.619107846340208,
    "mtd_roi_pct": 2.882902839894868
  },
  "plan": {
    "month": "Jul-26",
    "net_income_target": 566849.73,
    "net_income_actual_mtd": 496100.14,
    "net_income_prorated_target": 402280.45354838704,
    "net_income_projected": 699050.1972727273,
    "gross_sales_target": 650355.36,
    "gross_sales_actual_mtd": 556338.23,
    "gross_sales_prorated_target": 461542.5135483871,
    "gross_sales_projected": 783931.1422727273,
    "spend_budget": 113369.95,
    "spend_actual_mtd": 94280.756695,
    "spend_prorated_budget": 80456.0935483871,
    "spend_projected": 132850.15716113636
  },
  "monthly_history": [
    {
      "month": "Jan-26",
      "income_target": 447999.25,
      "income_actual": 517492.44999999995,
      "income_projected": null,
      "income_delta": 69493.2,
      "gross_sales_target": 513996.39,
      "gross_sales_actual": 574498.89,
      "gross_sales_projected": null,
      "gross_sales_delta": 60502.5,
      "spend_budget": 89599.85,
      "spend_actual": 88763.981675,
      "spend_projected": null,
      "is_current": false
    },
    {
      "month": "Feb-26",
      "income_target": 436037.5,
      "income_actual": 477983.83,
      "income_projected": null,
      "income_delta": 41946.33,
      "gross_sales_target": 500272.49,
      "gross_sales_actual": 528793.03,
      "gross_sales_projected": null,
      "gross_sales_delta": 28520.54,
      "spend_budget": 87207.5,
      "spend_actual": 80815.484349,
      "spend_projected": null,
      "is_current": false
    },
    {
      "month": "Mar-26",
      "income_target": 452386.18,
      "income_actual": 556049.1799999999,
      "income_projected": null,
      "income_delta": 103663.0,
      "gross_sales_target": 519029.58,
      "gross_sales_actual": 617789.15,
      "gross_sales_projected": null,
      "gross_sales_delta": 98759.57,
      "spend_budget": 90477.24,
      "spend_actual": 84895.71183,
      "spend_projected": null,
      "is_current": false
    },
    {
      "month": "Apr-26",
      "income_target": 527081.1,
      "income_actual": 550373.9099999999,
      "income_projected": null,
      "income_delta": 23292.81,
      "gross_sales_target": 604728.2,
      "gross_sales_actual": 620168.53,
      "gross_sales_projected": null,
      "gross_sales_delta": 15440.33,
      "spend_budget": 105416.22,
      "spend_actual": 94258.327437,
      "spend_projected": null,
      "is_current": false
    },
    {
      "month": "May-26",
      "income_target": 580020.13,
      "income_actual": 680941.82,
      "income_projected": null,
      "income_delta": 100921.69,
      "gross_sales_target": 665465.96,
      "gross_sales_actual": 749747.17,
      "gross_sales_projected": null,
      "gross_sales_delta": 84281.21,
      "spend_budget": 116004.03,
      "spend_actual": 114940.269987,
      "spend_projected": null,
      "is_current": false
    },
    {
      "month": "Jun-26",
      "income_target": 592803.52,
      "income_actual": 552927.0,
      "income_projected": null,
      "income_delta": -39876.52,
      "gross_sales_target": 680132.54,
      "gross_sales_actual": 618232.76,
      "gross_sales_projected": null,
      "gross_sales_delta": -61899.78,
      "spend_budget": 118560.7,
      "spend_actual": 102249.14285,
      "spend_projected": null,
      "is_current": false
    },
    {
      "month": "Jul-26",
      "income_target": 566849.73,
      "income_actual": 496100.14,
      "income_projected": 699050.1972727273,
      "income_delta": 132200.47,
      "gross_sales_target": 650355.36,
      "gross_sales_actual": 556338.23,
      "gross_sales_projected": 783931.1422727273,
      "gross_sales_delta": 133575.78,
      "spend_budget": 113369.95,
      "spend_actual": 94280.756695,
      "spend_projected": 132850.15716113636,
      "is_current": true
    },
    {
      "month": "Aug-26",
      "income_target": 583966.76,
      "income_actual": null,
      "income_projected": null,
      "income_delta": null,
      "gross_sales_target": 669993.99,
      "gross_sales_actual": null,
      "gross_sales_projected": null,
      "gross_sales_delta": null,
      "spend_budget": 116793.35,
      "spend_actual": null,
      "spend_projected": null,
      "is_current": false
    },
    {
      "month": "Sep-26",
      "income_target": 481385.37,
      "income_actual": null,
      "income_projected": null,
      "income_delta": null,
      "gross_sales_target": 552300.79,
      "gross_sales_actual": null,
      "gross_sales_projected": null,
      "gross_sales_delta": null,
      "spend_budget": 96277.07,
      "spend_actual": null,
      "spend_projected": null,
      "is_current": false
    },
    {
      "month": "Oct-26",
      "income_target": 555141.18,
      "income_actual": null,
      "income_projected": null,
      "income_delta": null,
      "gross_sales_target": 636921.96,
      "gross_sales_actual": null,
      "gross_sales_projected": null,
      "gross_sales_delta": null,
      "spend_budget": 111028.24,
      "spend_actual": null,
      "spend_projected": null,
      "is_current": false
    },
    {
      "month": "Nov-26",
      "income_target": 707948.83,
      "income_actual": null,
      "income_projected": null,
      "income_delta": null,
      "gross_sales_target": 812240.51,
      "gross_sales_actual": null,
      "gross_sales_projected": null,
      "gross_sales_delta": null,
      "spend_budget": 141589.77,
      "spend_actual": null,
      "spend_projected": null,
      "is_current": false
    },
    {
      "month": "Dec-26",
      "income_target": 611375.09,
      "income_actual": null,
      "income_projected": null,
      "income_delta": null,
      "gross_sales_target": 701439.99,
      "gross_sales_actual": null,
      "gross_sales_projected": null,
      "gross_sales_delta": null,
      "spend_budget": 122275.02,
      "spend_actual": null,
      "spend_projected": null,
      "is_current": false
    }
  ],
  "totals": {
    "income_target": 6542994.64,
    "income_actual": 3831868.33,
    "gross_sales_target": 7506877.76,
    "gross_sales_actual": 4265567.76,
    "spend_budget": 1308598.94,
    "spend_actual": 660203.67,
    "roas": 6.460987652492146,
    "income_delta": -2711126.31,
    "gross_sales_delta": -3241310.0,
    "income_status": "ontrack",
    "spend_status": "ontrack"
  },
  "ytd": {
    "label": "YTD (Jan 1 \u2013 Jul 22)",
    "income_target": 3438608.13,
    "income_actual": 3831868.33,
    "income_delta": 393260.2,
    "income_status": "hit",
    "gross_sales_target": 3945167.67,
    "gross_sales_actual": 4265567.76,
    "gross_sales_delta": 320400.09,
    "spend_budget": 687721.63,
    "spend_actual": 660203.67,
    "spend_status": "hit",
    "roas": 6.461
  },
  "trend": {
    "months": [
      "Jan-26",
      "Feb-26",
      "Mar-26",
      "Apr-26",
      "May-26",
      "Jun-26",
      "Jul-26",
      "Aug-26",
      "Sep-26",
      "Oct-26",
      "Nov-26",
      "Dec-26"
    ],
    "current_idx": 6,